<odoo>
    <data noupdate="0">

        <record id="enable_exam_registration_menu" model="res.groups">
            <field name="name">Enable Exam Registration</field>
            <field name="users" eval="[(4,ref('base.user_admin'))]"/>
        </record>

        <record id="enable_my_exam_registration_menu" model="res.groups">
            <field name="name">Enable My Exam Registration</field>
            <field name="users" eval="[(4,ref('base.user_admin'))]"/>
        </record>


        <record id="exam_registration_rule_all" model="ir.rule">
            <field name="name">All Exam Registration</field>
            <field name="model_id" ref="model_exam_registration"/>
            <field name="groups" eval="[(4, ref('student_management.staff_group'))]"/>
            <field name="perm_read" eval="True"/>
            <field name="perm_write" eval="True"/>
            <field name="perm_create" eval="True"/>
            <field name="perm_unlink" eval="True"/>
            <field name="domain_force">[(1,'=',1)]</field>
        </record>

        <record id="exam_registration_rule_my" model="ir.rule">
            <field name="name">My Exam Registration</field>
            <field name="model_id" ref="model_exam_registration"/>
            <field name="groups" eval="[(4, ref('student_management.student_group'))]"/>
            <field name="perm_read" eval="True"/>
            <field name="perm_write" eval="True"/>
            <field name="perm_create" eval="True"/>
            <field name="perm_unlink" eval="False"/>
            <field name="domain_force">[('create_uid','=',user.id)]</field>
        </record>

    </data>
</odoo>
